id,category,designId,variant,layerNumber,maskColor,finish,thicknessMm,nativeBoard,vectorDirectory,sourceNativeBoard,sourceVectorDirectory
01-spider-nest-L01-black-enig-art,selected,spider-nest,,1,black,enig-art,1.6,panels/art-spider-nest/01-spider-nest-L01-black-enig-art.kicad_pcb,resources/vector/selected/01-spider-nest/01-spider-nest-L01-black-enig-art,pcb/selected/01-spider-nest/01-spider-nest-L01-black-enig-art.kicad_pcb,resources/vector/selected/01-spider-nest/01-spider-nest-L01-black-enig-art
01-spider-nest-L02-white-mask-only,selected,spider-nest,,2,white,mask-only,1.6,panels/art-spider-nest/01-spider-nest-L02-white-mask-only.kicad_pcb,resources/vector/selected/01-spider-nest/01-spider-nest-L02-white-mask-only,pcb/selected/01-spider-nest/01-spider-nest-L02-white-mask-only.kicad_pcb,resources/vector/selected/01-spider-nest/01-spider-nest-L02-white-mask-only
01-spider-nest-L03-gold-enig-fill,selected,spider-nest,,3,black,enig-fill,1.6,panels/art-spider-nest/01-spider-nest-L03-gold-enig-fill.kicad_pcb,resources/vector/selected/01-spider-nest/01-spider-nest-L03-gold-enig-fill,pcb/selected/01-spider-nest/01-spider-nest-L03-gold-enig-fill.kicad_pcb,resources/vector/selected/01-spider-nest/01-spider-nest-L03-gold-enig-fill
01-spider-nest-L04-white-mask-only,selected,spider-nest,,4,white,mask-only,1.6,panels/art-spider-nest/01-spider-nest-L04-white-mask-only.kicad_pcb,resources/vector/selected/01-spider-nest/01-spider-nest-L04-white-mask-only,pcb/selected/01-spider-nest/01-spider-nest-L04-white-mask-only.kicad_pcb,resources/vector/selected/01-spider-nest/01-spider-nest-L04-white-mask-only
01-spider-nest-L05-gold-enig-fill,selected,spider-nest,,5,black,enig-fill,1.6,panels/art-spider-nest/01-spider-nest-L05-gold-enig-fill.kicad_pcb,resources/vector/selected/01-spider-nest/01-spider-nest-L05-gold-enig-fill,pcb/selected/01-spider-nest/01-spider-nest-L05-gold-enig-fill.kicad_pcb,resources/vector/selected/01-spider-nest/01-spider-nest-L05-gold-enig-fill
01-spider-nest-L06-white-mask-only,selected,spider-nest,,6,white,mask-only,1.6,panels/art-spider-nest/01-spider-nest-L06-white-mask-only.kicad_pcb,resources/vector/selected/01-spider-nest/01-spider-nest-L06-white-mask-only,pcb/selected/01-spider-nest/01-spider-nest-L06-white-mask-only.kicad_pcb,resources/vector/selected/01-spider-nest/01-spider-nest-L06-white-mask-only
01-spider-nest-L07-gold-enig-fill,selected,spider-nest,,7,black,enig-fill,1.6,panels/art-spider-nest/01-spider-nest-L07-gold-enig-fill.kicad_pcb,resources/vector/selected/01-spider-nest/01-spider-nest-L07-gold-enig-fill,pcb/selected/01-spider-nest/01-spider-nest-L07-gold-enig-fill.kicad_pcb,resources/vector/selected/01-spider-nest/01-spider-nest-L07-gold-enig-fill
01-spider-nest-L08-red-mask-only,selected,spider-nest,,8,red,mask-only,1.6,panels/art-spider-nest/01-spider-nest-L08-red-mask-only.kicad_pcb,resources/vector/selected/01-spider-nest/01-spider-nest-L08-red-mask-only,pcb/selected/01-spider-nest/01-spider-nest-L08-red-mask-only.kicad_pcb,resources/vector/selected/01-spider-nest/01-spider-nest-L08-red-mask-only
03-coral-vault-L01-black-enig-art,selected,coral-vault,,1,black,enig-art,1.6,panels/art-coral-vault/03-coral-vault-L01-black-enig-art.kicad_pcb,resources/vector/selected/03-coral-vault/03-coral-vault-L01-black-enig-art,pcb/selected/03-coral-vault/03-coral-vault-L01-black-enig-art.kicad_pcb,resources/vector/selected/03-coral-vault/03-coral-vault-L01-black-enig-art
03-coral-vault-L02-green-mask-only,selected,coral-vault,,2,green,mask-only,1.6,panels/art-coral-vault/03-coral-vault-L02-green-mask-only.kicad_pcb,resources/vector/selected/03-coral-vault/03-coral-vault-L02-green-mask-only,pcb/selected/03-coral-vault/03-coral-vault-L02-green-mask-only.kicad_pcb,resources/vector/selected/03-coral-vault/03-coral-vault-L02-green-mask-only
03-coral-vault-L03-purple-mask-only,selected,coral-vault,,3,purple,mask-only,1.6,panels/art-coral-vault/03-coral-vault-L03-purple-mask-only.kicad_pcb,resources/vector/selected/03-coral-vault/03-coral-vault-L03-purple-mask-only,pcb/selected/03-coral-vault/03-coral-vault-L03-purple-mask-only.kicad_pcb,resources/vector/selected/03-coral-vault/03-coral-vault-L03-purple-mask-only
03-coral-vault-L04-gold-enig-fill,selected,coral-vault,,4,black,enig-fill,1.6,panels/art-coral-vault/03-coral-vault-L04-gold-enig-fill.kicad_pcb,resources/vector/selected/03-coral-vault/03-coral-vault-L04-gold-enig-fill,pcb/selected/03-coral-vault/03-coral-vault-L04-gold-enig-fill.kicad_pcb,resources/vector/selected/03-coral-vault/03-coral-vault-L04-gold-enig-fill
03-coral-vault-L05-red-mask-only,selected,coral-vault,,5,red,mask-only,1.6,panels/art-coral-vault/03-coral-vault-L05-red-mask-only.kicad_pcb,resources/vector/selected/03-coral-vault/03-coral-vault-L05-red-mask-only,pcb/selected/03-coral-vault/03-coral-vault-L05-red-mask-only.kicad_pcb,resources/vector/selected/03-coral-vault/03-coral-vault-L05-red-mask-only
03-coral-vault-L06-yellow-mask-only,selected,coral-vault,,6,yellow,mask-only,1.6,panels/art-coral-vault/03-coral-vault-L06-yellow-mask-only.kicad_pcb,resources/vector/selected/03-coral-vault/03-coral-vault-L06-yellow-mask-only,pcb/selected/03-coral-vault/03-coral-vault-L06-yellow-mask-only.kicad_pcb,resources/vector/selected/03-coral-vault/03-coral-vault-L06-yellow-mask-only
03-coral-vault-L07-red-mask-only,selected,coral-vault,,7,red,mask-only,1.6,panels/art-coral-vault/03-coral-vault-L07-red-mask-only.kicad_pcb,resources/vector/selected/03-coral-vault/03-coral-vault-L07-red-mask-only,pcb/selected/03-coral-vault/03-coral-vault-L07-red-mask-only.kicad_pcb,resources/vector/selected/03-coral-vault/03-coral-vault-L07-red-mask-only
03-coral-vault-L08-blue-mask-only,selected,coral-vault,,8,blue,mask-only,1.6,panels/art-coral-vault/03-coral-vault-L08-blue-mask-only.kicad_pcb,resources/vector/selected/03-coral-vault/03-coral-vault-L08-blue-mask-only,pcb/selected/03-coral-vault/03-coral-vault-L08-blue-mask-only.kicad_pcb,resources/vector/selected/03-coral-vault/03-coral-vault-L08-blue-mask-only
13-fault-line-L01-black-enig-art,selected,fault-line,,1,black,enig-art,1.6,panels/art-fault-line/13-fault-line-L01-black-enig-art.kicad_pcb,resources/vector/selected/13-fault-line/13-fault-line-L01-black-enig-art,pcb/selected/13-fault-line/13-fault-line-L01-black-enig-art.kicad_pcb,resources/vector/selected/13-fault-line/13-fault-line-L01-black-enig-art
13-fault-line-L02-red-mask-only,selected,fault-line,,2,red,mask-only,1.6,panels/art-fault-line/13-fault-line-L02-red-mask-only.kicad_pcb,resources/vector/selected/13-fault-line/13-fault-line-L02-red-mask-only,pcb/selected/13-fault-line/13-fault-line-L02-red-mask-only.kicad_pcb,resources/vector/selected/13-fault-line/13-fault-line-L02-red-mask-only
13-fault-line-L03-black-mask-only,selected,fault-line,,3,black,mask-only,1.6,panels/art-fault-line/13-fault-line-L03-black-mask-only.kicad_pcb,resources/vector/selected/13-fault-line/13-fault-line-L03-black-mask-only,pcb/selected/13-fault-line/13-fault-line-L03-black-mask-only.kicad_pcb,resources/vector/selected/13-fault-line/13-fault-line-L03-black-mask-only
13-fault-line-L04-red-mask-only,selected,fault-line,,4,red,mask-only,1.6,panels/art-fault-line/13-fault-line-L04-red-mask-only.kicad_pcb,resources/vector/selected/13-fault-line/13-fault-line-L04-red-mask-only,pcb/selected/13-fault-line/13-fault-line-L04-red-mask-only.kicad_pcb,resources/vector/selected/13-fault-line/13-fault-line-L04-red-mask-only
13-fault-line-L05-black-mask-only,selected,fault-line,,5,black,mask-only,1.6,panels/art-fault-line/13-fault-line-L05-black-mask-only.kicad_pcb,resources/vector/selected/13-fault-line/13-fault-line-L05-black-mask-only,pcb/selected/13-fault-line/13-fault-line-L05-black-mask-only.kicad_pcb,resources/vector/selected/13-fault-line/13-fault-line-L05-black-mask-only
13-fault-line-L06-red-mask-only,selected,fault-line,,6,red,mask-only,1.6,panels/art-fault-line/13-fault-line-L06-red-mask-only.kicad_pcb,resources/vector/selected/13-fault-line/13-fault-line-L06-red-mask-only,pcb/selected/13-fault-line/13-fault-line-L06-red-mask-only.kicad_pcb,resources/vector/selected/13-fault-line/13-fault-line-L06-red-mask-only
13-fault-line-L07-black-mask-only,selected,fault-line,,7,black,mask-only,1.6,panels/art-fault-line/13-fault-line-L07-black-mask-only.kicad_pcb,resources/vector/selected/13-fault-line/13-fault-line-L07-black-mask-only,pcb/selected/13-fault-line/13-fault-line-L07-black-mask-only.kicad_pcb,resources/vector/selected/13-fault-line/13-fault-line-L07-black-mask-only
13-fault-line-L08-red-mask-only,selected,fault-line,,8,red,mask-only,1.6,panels/art-fault-line/13-fault-line-L08-red-mask-only.kicad_pcb,resources/vector/selected/13-fault-line/13-fault-line-L08-red-mask-only,pcb/selected/13-fault-line/13-fault-line-L08-red-mask-only.kicad_pcb,resources/vector/selected/13-fault-line/13-fault-line-L08-red-mask-only
13-fault-line-L09-black-mask-only,selected,fault-line,,9,black,mask-only,1.6,panels/art-fault-line/13-fault-line-L09-black-mask-only.kicad_pcb,resources/vector/selected/13-fault-line/13-fault-line-L09-black-mask-only,pcb/selected/13-fault-line/13-fault-line-L09-black-mask-only.kicad_pcb,resources/vector/selected/13-fault-line/13-fault-line-L09-black-mask-only
17-kumiko-void-wide-L01-black-enig-art,selected,kumiko-void,wide,1,black,enig-art,1.6,panels/art-kumiko-void/17-kumiko-void-wide-L01-black-enig-art.kicad_pcb,resources/vector/selected/17-kumiko-void-wide/17-kumiko-void-wide-L01-black-enig-art,pcb/selected/17-kumiko-void-wide/17-kumiko-void-wide-L01-black-enig-art.kicad_pcb,resources/vector/selected/17-kumiko-void-wide/17-kumiko-void-wide-L01-black-enig-art
17-kumiko-void-wide-L02-red-mask-only,selected,kumiko-void,wide,2,red,mask-only,1.6,panels/art-kumiko-void/17-kumiko-void-wide-L02-red-mask-only.kicad_pcb,resources/vector/selected/17-kumiko-void-wide/17-kumiko-void-wide-L02-red-mask-only,pcb/selected/17-kumiko-void-wide/17-kumiko-void-wide-L02-red-mask-only.kicad_pcb,resources/vector/selected/17-kumiko-void-wide/17-kumiko-void-wide-L02-red-mask-only
17-kumiko-void-wide-L03-green-mask-only,selected,kumiko-void,wide,3,green,mask-only,1.6,panels/art-kumiko-void/17-kumiko-void-wide-L03-green-mask-only.kicad_pcb,resources/vector/selected/17-kumiko-void-wide/17-kumiko-void-wide-L03-green-mask-only,pcb/selected/17-kumiko-void-wide/17-kumiko-void-wide-L03-green-mask-only.kicad_pcb,resources/vector/selected/17-kumiko-void-wide/17-kumiko-void-wide-L03-green-mask-only
17-kumiko-void-wide-L04-black-enig-art,selected,kumiko-void,wide,4,black,enig-art,1.6,panels/art-kumiko-void/17-kumiko-void-wide-L04-black-enig-art.kicad_pcb,resources/vector/selected/17-kumiko-void-wide/17-kumiko-void-wide-L04-black-enig-art,pcb/selected/17-kumiko-void-wide/17-kumiko-void-wide-L04-black-enig-art.kicad_pcb,resources/vector/selected/17-kumiko-void-wide/17-kumiko-void-wide-L04-black-enig-art
17-kumiko-void-wide-L05-red-mask-only,selected,kumiko-void,wide,5,red,mask-only,1.6,panels/art-kumiko-void/17-kumiko-void-wide-L05-red-mask-only.kicad_pcb,resources/vector/selected/17-kumiko-void-wide/17-kumiko-void-wide-L05-red-mask-only,pcb/selected/17-kumiko-void-wide/17-kumiko-void-wide-L05-red-mask-only.kicad_pcb,resources/vector/selected/17-kumiko-void-wide/17-kumiko-void-wide-L05-red-mask-only
17-kumiko-void-wide-L06-green-mask-only,selected,kumiko-void,wide,6,green,mask-only,1.6,panels/art-kumiko-void/17-kumiko-void-wide-L06-green-mask-only.kicad_pcb,resources/vector/selected/17-kumiko-void-wide/17-kumiko-void-wide-L06-green-mask-only,pcb/selected/17-kumiko-void-wide/17-kumiko-void-wide-L06-green-mask-only.kicad_pcb,resources/vector/selected/17-kumiko-void-wide/17-kumiko-void-wide-L06-green-mask-only
17-kumiko-void-wide-L07-black-enig-art,selected,kumiko-void,wide,7,black,enig-art,1.6,panels/art-kumiko-void/17-kumiko-void-wide-L07-black-enig-art.kicad_pcb,resources/vector/selected/17-kumiko-void-wide/17-kumiko-void-wide-L07-black-enig-art,pcb/selected/17-kumiko-void-wide/17-kumiko-void-wide-L07-black-enig-art.kicad_pcb,resources/vector/selected/17-kumiko-void-wide/17-kumiko-void-wide-L07-black-enig-art
17-kumiko-void-wide-L08-red-mask-only,selected,kumiko-void,wide,8,red,mask-only,1.6,panels/art-kumiko-void/17-kumiko-void-wide-L08-red-mask-only.kicad_pcb,resources/vector/selected/17-kumiko-void-wide/17-kumiko-void-wide-L08-red-mask-only,pcb/selected/17-kumiko-void-wide/17-kumiko-void-wide-L08-red-mask-only.kicad_pcb,resources/vector/selected/17-kumiko-void-wide/17-kumiko-void-wide-L08-red-mask-only
17-kumiko-void-wide-L09-green-mask-only,selected,kumiko-void,wide,9,green,mask-only,1.6,panels/art-kumiko-void/17-kumiko-void-wide-L09-green-mask-only.kicad_pcb,resources/vector/selected/17-kumiko-void-wide/17-kumiko-void-wide-L09-green-mask-only,pcb/selected/17-kumiko-void-wide/17-kumiko-void-wide-L09-green-mask-only.kicad_pcb,resources/vector/selected/17-kumiko-void-wide/17-kumiko-void-wide-L09-green-mask-only
17-kumiko-void-standard-L01-black-enig-art,alternatives,kumiko-void,standard,1,black,enig-art,1.6,panels/art-kumiko-void/alternatives/standard/17-kumiko-void-standard-L01-black-enig-art.kicad_pcb,resources/vector/alternatives/17-kumiko-void-standard/17-kumiko-void-standard-L01-black-enig-art,pcb/alternatives/17-kumiko-void-standard/17-kumiko-void-standard-L01-black-enig-art.kicad_pcb,resources/vector/alternatives/17-kumiko-void-standard/17-kumiko-void-standard-L01-black-enig-art
17-kumiko-void-standard-L02-red-mask-only,alternatives,kumiko-void,standard,2,red,mask-only,1.6,panels/art-kumiko-void/alternatives/standard/17-kumiko-void-standard-L02-red-mask-only.kicad_pcb,resources/vector/alternatives/17-kumiko-void-standard/17-kumiko-void-standard-L02-red-mask-only,pcb/alternatives/17-kumiko-void-standard/17-kumiko-void-standard-L02-red-mask-only.kicad_pcb,resources/vector/alternatives/17-kumiko-void-standard/17-kumiko-void-standard-L02-red-mask-only
17-kumiko-void-standard-L03-green-mask-only,alternatives,kumiko-void,standard,3,green,mask-only,1.6,panels/art-kumiko-void/alternatives/standard/17-kumiko-void-standard-L03-green-mask-only.kicad_pcb,resources/vector/alternatives/17-kumiko-void-standard/17-kumiko-void-standard-L03-green-mask-only,pcb/alternatives/17-kumiko-void-standard/17-kumiko-void-standard-L03-green-mask-only.kicad_pcb,resources/vector/alternatives/17-kumiko-void-standard/17-kumiko-void-standard-L03-green-mask-only
17-kumiko-void-standard-L04-black-enig-art,alternatives,kumiko-void,standard,4,black,enig-art,1.6,panels/art-kumiko-void/alternatives/standard/17-kumiko-void-standard-L04-black-enig-art.kicad_pcb,resources/vector/alternatives/17-kumiko-void-standard/17-kumiko-void-standard-L04-black-enig-art,pcb/alternatives/17-kumiko-void-standard/17-kumiko-void-standard-L04-black-enig-art.kicad_pcb,resources/vector/alternatives/17-kumiko-void-standard/17-kumiko-void-standard-L04-black-enig-art
17-kumiko-void-standard-L05-red-mask-only,alternatives,kumiko-void,standard,5,red,mask-only,1.6,panels/art-kumiko-void/alternatives/standard/17-kumiko-void-standard-L05-red-mask-only.kicad_pcb,resources/vector/alternatives/17-kumiko-void-standard/17-kumiko-void-standard-L05-red-mask-only,pcb/alternatives/17-kumiko-void-standard/17-kumiko-void-standard-L05-red-mask-only.kicad_pcb,resources/vector/alternatives/17-kumiko-void-standard/17-kumiko-void-standard-L05-red-mask-only
17-kumiko-void-standard-L06-green-mask-only,alternatives,kumiko-void,standard,6,green,mask-only,1.6,panels/art-kumiko-void/alternatives/standard/17-kumiko-void-standard-L06-green-mask-only.kicad_pcb,resources/vector/alternatives/17-kumiko-void-standard/17-kumiko-void-standard-L06-green-mask-only,pcb/alternatives/17-kumiko-void-standard/17-kumiko-void-standard-L06-green-mask-only.kicad_pcb,resources/vector/alternatives/17-kumiko-void-standard/17-kumiko-void-standard-L06-green-mask-only
17-kumiko-void-standard-L07-black-enig-art,alternatives,kumiko-void,standard,7,black,enig-art,1.6,panels/art-kumiko-void/alternatives/standard/17-kumiko-void-standard-L07-black-enig-art.kicad_pcb,resources/vector/alternatives/17-kumiko-void-standard/17-kumiko-void-standard-L07-black-enig-art,pcb/alternatives/17-kumiko-void-standard/17-kumiko-void-standard-L07-black-enig-art.kicad_pcb,resources/vector/alternatives/17-kumiko-void-standard/17-kumiko-void-standard-L07-black-enig-art
17-kumiko-void-standard-L08-red-mask-only,alternatives,kumiko-void,standard,8,red,mask-only,1.6,panels/art-kumiko-void/alternatives/standard/17-kumiko-void-standard-L08-red-mask-only.kicad_pcb,resources/vector/alternatives/17-kumiko-void-standard/17-kumiko-void-standard-L08-red-mask-only,pcb/alternatives/17-kumiko-void-standard/17-kumiko-void-standard-L08-red-mask-only.kicad_pcb,resources/vector/alternatives/17-kumiko-void-standard/17-kumiko-void-standard-L08-red-mask-only
17-kumiko-void-standard-L09-green-mask-only,alternatives,kumiko-void,standard,9,green,mask-only,1.6,panels/art-kumiko-void/alternatives/standard/17-kumiko-void-standard-L09-green-mask-only.kicad_pcb,resources/vector/alternatives/17-kumiko-void-standard/17-kumiko-void-standard-L09-green-mask-only,pcb/alternatives/17-kumiko-void-standard/17-kumiko-void-standard-L09-green-mask-only.kicad_pcb,resources/vector/alternatives/17-kumiko-void-standard/17-kumiko-void-standard-L09-green-mask-only
18-woven-maze-L01-black-enig-art,selected,woven-maze,,1,black,enig-art,1.6,panels/art-woven-maze/18-woven-maze-L01-black-enig-art.kicad_pcb,resources/vector/selected/18-woven-maze/18-woven-maze-L01-black-enig-art,pcb/selected/18-woven-maze/18-woven-maze-L01-black-enig-art.kicad_pcb,resources/vector/selected/18-woven-maze/18-woven-maze-L01-black-enig-art
18-woven-maze-L02-white-mask-only,selected,woven-maze,,2,white,mask-only,1.6,panels/art-woven-maze/18-woven-maze-L02-white-mask-only.kicad_pcb,resources/vector/selected/18-woven-maze/18-woven-maze-L02-white-mask-only,pcb/selected/18-woven-maze/18-woven-maze-L02-white-mask-only.kicad_pcb,resources/vector/selected/18-woven-maze/18-woven-maze-L02-white-mask-only
18-woven-maze-L03-black-mask-only,selected,woven-maze,,3,black,mask-only,1.6,panels/art-woven-maze/18-woven-maze-L03-black-mask-only.kicad_pcb,resources/vector/selected/18-woven-maze/18-woven-maze-L03-black-mask-only,pcb/selected/18-woven-maze/18-woven-maze-L03-black-mask-only.kicad_pcb,resources/vector/selected/18-woven-maze/18-woven-maze-L03-black-mask-only
18-woven-maze-L04-white-mask-only,selected,woven-maze,,4,white,mask-only,1.6,panels/art-woven-maze/18-woven-maze-L04-white-mask-only.kicad_pcb,resources/vector/selected/18-woven-maze/18-woven-maze-L04-white-mask-only,pcb/selected/18-woven-maze/18-woven-maze-L04-white-mask-only.kicad_pcb,resources/vector/selected/18-woven-maze/18-woven-maze-L04-white-mask-only
18-woven-maze-L05-black-mask-only,selected,woven-maze,,5,black,mask-only,1.6,panels/art-woven-maze/18-woven-maze-L05-black-mask-only.kicad_pcb,resources/vector/selected/18-woven-maze/18-woven-maze-L05-black-mask-only,pcb/selected/18-woven-maze/18-woven-maze-L05-black-mask-only.kicad_pcb,resources/vector/selected/18-woven-maze/18-woven-maze-L05-black-mask-only
18-woven-maze-L06-white-mask-only,selected,woven-maze,,6,white,mask-only,1.6,panels/art-woven-maze/18-woven-maze-L06-white-mask-only.kicad_pcb,resources/vector/selected/18-woven-maze/18-woven-maze-L06-white-mask-only,pcb/selected/18-woven-maze/18-woven-maze-L06-white-mask-only.kicad_pcb,resources/vector/selected/18-woven-maze/18-woven-maze-L06-white-mask-only
18-woven-maze-L07-black-mask-only,selected,woven-maze,,7,black,mask-only,1.6,panels/art-woven-maze/18-woven-maze-L07-black-mask-only.kicad_pcb,resources/vector/selected/18-woven-maze/18-woven-maze-L07-black-mask-only,pcb/selected/18-woven-maze/18-woven-maze-L07-black-mask-only.kicad_pcb,resources/vector/selected/18-woven-maze/18-woven-maze-L07-black-mask-only
18-woven-maze-L08-white-mask-only,selected,woven-maze,,8,white,mask-only,1.6,panels/art-woven-maze/18-woven-maze-L08-white-mask-only.kicad_pcb,resources/vector/selected/18-woven-maze/18-woven-maze-L08-white-mask-only,pcb/selected/18-woven-maze/18-woven-maze-L08-white-mask-only.kicad_pcb,resources/vector/selected/18-woven-maze/18-woven-maze-L08-white-mask-only
18-woven-maze-L09-black-mask-only,selected,woven-maze,,9,black,mask-only,1.6,panels/art-woven-maze/18-woven-maze-L09-black-mask-only.kicad_pcb,resources/vector/selected/18-woven-maze/18-woven-maze-L09-black-mask-only,pcb/selected/18-woven-maze/18-woven-maze-L09-black-mask-only.kicad_pcb,resources/vector/selected/18-woven-maze/18-woven-maze-L09-black-mask-only
