board_id,design,kumiko_variant,front_to_back_layer,mask_color,surface_intent,thickness_mm,required_quantity,supplier_order_quantity,native_board,fabrication_status
01-spider-nest-L01-black-enig-art,spider-nest,,1,black,enig-art,1.6,1,,panels/art-spider-nest/01-spider-nest-L01-black-enig-art.kicad_pcb,"EDITABLE DRAFT - resolve routing, local KiCad DRC and CAM before order"
01-spider-nest-L02-white-mask-only,spider-nest,,2,white,mask-only,1.6,1,,panels/art-spider-nest/01-spider-nest-L02-white-mask-only.kicad_pcb,"EDITABLE DRAFT - resolve routing, local KiCad DRC and CAM before order"
01-spider-nest-L03-gold-enig-fill,spider-nest,,3,black,enig-fill,1.6,1,,panels/art-spider-nest/01-spider-nest-L03-gold-enig-fill.kicad_pcb,"EDITABLE DRAFT - resolve routing, local KiCad DRC and CAM before order"
01-spider-nest-L04-white-mask-only,spider-nest,,4,white,mask-only,1.6,1,,panels/art-spider-nest/01-spider-nest-L04-white-mask-only.kicad_pcb,"EDITABLE DRAFT - resolve routing, local KiCad DRC and CAM before order"
01-spider-nest-L05-gold-enig-fill,spider-nest,,5,black,enig-fill,1.6,1,,panels/art-spider-nest/01-spider-nest-L05-gold-enig-fill.kicad_pcb,"EDITABLE DRAFT - resolve routing, local KiCad DRC and CAM before order"
01-spider-nest-L06-white-mask-only,spider-nest,,6,white,mask-only,1.6,1,,panels/art-spider-nest/01-spider-nest-L06-white-mask-only.kicad_pcb,"EDITABLE DRAFT - resolve routing, local KiCad DRC and CAM before order"
01-spider-nest-L07-gold-enig-fill,spider-nest,,7,black,enig-fill,1.6,1,,panels/art-spider-nest/01-spider-nest-L07-gold-enig-fill.kicad_pcb,"EDITABLE DRAFT - resolve routing, local KiCad DRC and CAM before order"
01-spider-nest-L08-red-mask-only,spider-nest,,8,red,mask-only,1.6,1,,panels/art-spider-nest/01-spider-nest-L08-red-mask-only.kicad_pcb,"EDITABLE DRAFT - resolve routing, local KiCad DRC and CAM before order"
03-coral-vault-L01-black-enig-art,coral-vault,,1,black,enig-art,1.6,1,,panels/art-coral-vault/03-coral-vault-L01-black-enig-art.kicad_pcb,"EDITABLE DRAFT - resolve routing, local KiCad DRC and CAM before order"
03-coral-vault-L02-green-mask-only,coral-vault,,2,green,mask-only,1.6,1,,panels/art-coral-vault/03-coral-vault-L02-green-mask-only.kicad_pcb,"EDITABLE DRAFT - resolve routing, local KiCad DRC and CAM before order"
03-coral-vault-L03-purple-mask-only,coral-vault,,3,purple,mask-only,1.6,1,,panels/art-coral-vault/03-coral-vault-L03-purple-mask-only.kicad_pcb,"EDITABLE DRAFT - resolve routing, local KiCad DRC and CAM before order"
03-coral-vault-L04-gold-enig-fill,coral-vault,,4,black,enig-fill,1.6,1,,panels/art-coral-vault/03-coral-vault-L04-gold-enig-fill.kicad_pcb,"EDITABLE DRAFT - resolve routing, local KiCad DRC and CAM before order"
03-coral-vault-L05-red-mask-only,coral-vault,,5,red,mask-only,1.6,1,,panels/art-coral-vault/03-coral-vault-L05-red-mask-only.kicad_pcb,"EDITABLE DRAFT - resolve routing, local KiCad DRC and CAM before order"
03-coral-vault-L06-yellow-mask-only,coral-vault,,6,yellow,mask-only,1.6,1,,panels/art-coral-vault/03-coral-vault-L06-yellow-mask-only.kicad_pcb,"EDITABLE DRAFT - resolve routing, local KiCad DRC and CAM before order"
03-coral-vault-L07-red-mask-only,coral-vault,,7,red,mask-only,1.6,1,,panels/art-coral-vault/03-coral-vault-L07-red-mask-only.kicad_pcb,"EDITABLE DRAFT - resolve routing, local KiCad DRC and CAM before order"
03-coral-vault-L08-blue-mask-only,coral-vault,,8,blue,mask-only,1.6,1,,panels/art-coral-vault/03-coral-vault-L08-blue-mask-only.kicad_pcb,"EDITABLE DRAFT - resolve routing, local KiCad DRC and CAM before order"
13-fault-line-L01-black-enig-art,fault-line,,1,black,enig-art,1.6,1,,panels/art-fault-line/13-fault-line-L01-black-enig-art.kicad_pcb,"EDITABLE DRAFT - resolve routing, local KiCad DRC and CAM before order"
13-fault-line-L02-red-mask-only,fault-line,,2,red,mask-only,1.6,1,,panels/art-fault-line/13-fault-line-L02-red-mask-only.kicad_pcb,"EDITABLE DRAFT - resolve routing, local KiCad DRC and CAM before order"
13-fault-line-L03-black-mask-only,fault-line,,3,black,mask-only,1.6,1,,panels/art-fault-line/13-fault-line-L03-black-mask-only.kicad_pcb,"EDITABLE DRAFT - resolve routing, local KiCad DRC and CAM before order"
13-fault-line-L04-red-mask-only,fault-line,,4,red,mask-only,1.6,1,,panels/art-fault-line/13-fault-line-L04-red-mask-only.kicad_pcb,"EDITABLE DRAFT - resolve routing, local KiCad DRC and CAM before order"
13-fault-line-L05-black-mask-only,fault-line,,5,black,mask-only,1.6,1,,panels/art-fault-line/13-fault-line-L05-black-mask-only.kicad_pcb,"EDITABLE DRAFT - resolve routing, local KiCad DRC and CAM before order"
13-fault-line-L06-red-mask-only,fault-line,,6,red,mask-only,1.6,1,,panels/art-fault-line/13-fault-line-L06-red-mask-only.kicad_pcb,"EDITABLE DRAFT - resolve routing, local KiCad DRC and CAM before order"
13-fault-line-L07-black-mask-only,fault-line,,7,black,mask-only,1.6,1,,panels/art-fault-line/13-fault-line-L07-black-mask-only.kicad_pcb,"EDITABLE DRAFT - resolve routing, local KiCad DRC and CAM before order"
13-fault-line-L08-red-mask-only,fault-line,,8,red,mask-only,1.6,1,,panels/art-fault-line/13-fault-line-L08-red-mask-only.kicad_pcb,"EDITABLE DRAFT - resolve routing, local KiCad DRC and CAM before order"
13-fault-line-L09-black-mask-only,fault-line,,9,black,mask-only,1.6,1,,panels/art-fault-line/13-fault-line-L09-black-mask-only.kicad_pcb,"EDITABLE DRAFT - resolve routing, local KiCad DRC and CAM before order"
17-kumiko-void-wide-L01-black-enig-art,kumiko-void,wide,1,black,enig-art,1.6,1,,panels/art-kumiko-void/17-kumiko-void-wide-L01-black-enig-art.kicad_pcb,"EDITABLE DRAFT - resolve routing, local KiCad DRC and CAM before order"
17-kumiko-void-wide-L02-red-mask-only,kumiko-void,wide,2,red,mask-only,1.6,1,,panels/art-kumiko-void/17-kumiko-void-wide-L02-red-mask-only.kicad_pcb,"EDITABLE DRAFT - resolve routing, local KiCad DRC and CAM before order"
17-kumiko-void-wide-L03-green-mask-only,kumiko-void,wide,3,green,mask-only,1.6,1,,panels/art-kumiko-void/17-kumiko-void-wide-L03-green-mask-only.kicad_pcb,"EDITABLE DRAFT - resolve routing, local KiCad DRC and CAM before order"
17-kumiko-void-wide-L04-black-enig-art,kumiko-void,wide,4,black,enig-art,1.6,1,,panels/art-kumiko-void/17-kumiko-void-wide-L04-black-enig-art.kicad_pcb,"EDITABLE DRAFT - resolve routing, local KiCad DRC and CAM before order"
17-kumiko-void-wide-L05-red-mask-only,kumiko-void,wide,5,red,mask-only,1.6,1,,panels/art-kumiko-void/17-kumiko-void-wide-L05-red-mask-only.kicad_pcb,"EDITABLE DRAFT - resolve routing, local KiCad DRC and CAM before order"
17-kumiko-void-wide-L06-green-mask-only,kumiko-void,wide,6,green,mask-only,1.6,1,,panels/art-kumiko-void/17-kumiko-void-wide-L06-green-mask-only.kicad_pcb,"EDITABLE DRAFT - resolve routing, local KiCad DRC and CAM before order"
17-kumiko-void-wide-L07-black-enig-art,kumiko-void,wide,7,black,enig-art,1.6,1,,panels/art-kumiko-void/17-kumiko-void-wide-L07-black-enig-art.kicad_pcb,"EDITABLE DRAFT - resolve routing, local KiCad DRC and CAM before order"
17-kumiko-void-wide-L08-red-mask-only,kumiko-void,wide,8,red,mask-only,1.6,1,,panels/art-kumiko-void/17-kumiko-void-wide-L08-red-mask-only.kicad_pcb,"EDITABLE DRAFT - resolve routing, local KiCad DRC and CAM before order"
17-kumiko-void-wide-L09-green-mask-only,kumiko-void,wide,9,green,mask-only,1.6,1,,panels/art-kumiko-void/17-kumiko-void-wide-L09-green-mask-only.kicad_pcb,"EDITABLE DRAFT - resolve routing, local KiCad DRC and CAM before order"
18-woven-maze-L01-black-enig-art,woven-maze,,1,black,enig-art,1.6,1,,panels/art-woven-maze/18-woven-maze-L01-black-enig-art.kicad_pcb,"EDITABLE DRAFT - resolve routing, local KiCad DRC and CAM before order"
18-woven-maze-L02-white-mask-only,woven-maze,,2,white,mask-only,1.6,1,,panels/art-woven-maze/18-woven-maze-L02-white-mask-only.kicad_pcb,"EDITABLE DRAFT - resolve routing, local KiCad DRC and CAM before order"
18-woven-maze-L03-black-mask-only,woven-maze,,3,black,mask-only,1.6,1,,panels/art-woven-maze/18-woven-maze-L03-black-mask-only.kicad_pcb,"EDITABLE DRAFT - resolve routing, local KiCad DRC and CAM before order"
18-woven-maze-L04-white-mask-only,woven-maze,,4,white,mask-only,1.6,1,,panels/art-woven-maze/18-woven-maze-L04-white-mask-only.kicad_pcb,"EDITABLE DRAFT - resolve routing, local KiCad DRC and CAM before order"
18-woven-maze-L05-black-mask-only,woven-maze,,5,black,mask-only,1.6,1,,panels/art-woven-maze/18-woven-maze-L05-black-mask-only.kicad_pcb,"EDITABLE DRAFT - resolve routing, local KiCad DRC and CAM before order"
18-woven-maze-L06-white-mask-only,woven-maze,,6,white,mask-only,1.6,1,,panels/art-woven-maze/18-woven-maze-L06-white-mask-only.kicad_pcb,"EDITABLE DRAFT - resolve routing, local KiCad DRC and CAM before order"
18-woven-maze-L07-black-mask-only,woven-maze,,7,black,mask-only,1.6,1,,panels/art-woven-maze/18-woven-maze-L07-black-mask-only.kicad_pcb,"EDITABLE DRAFT - resolve routing, local KiCad DRC and CAM before order"
18-woven-maze-L08-white-mask-only,woven-maze,,8,white,mask-only,1.6,1,,panels/art-woven-maze/18-woven-maze-L08-white-mask-only.kicad_pcb,"EDITABLE DRAFT - resolve routing, local KiCad DRC and CAM before order"
18-woven-maze-L09-black-mask-only,woven-maze,,9,black,mask-only,1.6,1,,panels/art-woven-maze/18-woven-maze-L09-black-mask-only.kicad_pcb,"EDITABLE DRAFT - resolve routing, local KiCad DRC and CAM before order"
