issueId,variantId,layer,geometryHoleIndex0,areaMm2,micDiameterLowerBoundMm,micDiameterUpperBoundMm,centerXmm,centerYmm,minXmm,minYmm,maxXmm,maxYmm
kumiko-void-standard-L01-H01,standard,1,9,1.23298318,0.78313,0.78313,22.0,101.108435,20.5386,100.6563,23.4614,101.5
kumiko-void-standard-L01-H02,standard,1,44,1.23298318,0.78313,0.78313,78.0,101.108435,76.5386,100.6563,79.4614,101.5
kumiko-void-standard-L01-H03,standard,1,58,1.23298318,0.78313,0.78313,50.0,101.108435,48.5386,100.6563,51.4614,101.5
kumiko-void-standard-L03-H01,standard,3,13,0.9102225,0.075,0.075,90.7625,48.84185,90.725,42.7737,90.8,54.9966
kumiko-void-standard-L03-H02,standard,3,14,0.9102225,0.075,0.075,90.7625,68.05565,90.725,61.9009,90.8,74.1238
kumiko-void-standard-L04-H01,standard,4,0,1.59128923,0.99230895,0.99230895,24.02115448,27.49615448,23.525,27.0,24.8805,29.3479
kumiko-void-standard-L04-H02,standard,4,1,1.59128922,0.99230895,0.99230895,21.17884552,27.49615448,20.3195,27.0,21.675,29.3479
kumiko-void-standard-L08-H01,standard,8,31,0.77448834,0.62068789,0.62068789,79.7,101.18965605,78.5418,100.8313,80.8582,101.5
kumiko-void-wide-L01-H01,wide,1,1,1.51441248,0.96805541,0.96805541,2.98402771,57.90467229,2.5,57.0663,4.7904,58.3887
kumiko-void-wide-L01-H02,wide,1,2,1.51441248,0.96805541,0.96805541,2.98402771,60.59272771,2.5,60.1087,4.7904,61.4311
kumiko-void-wide-L01-H03,wide,1,5,0.80710921,0.73601085,0.7361,3.05253224,106.51800542,2.5,106.15,3.9607,106.8861
kumiko-void-wide-L01-H04,wide,1,6,1.35542057,0.8939,0.8939,3.12243473,109.05305,2.5,108.6061,4.7904,109.5
kumiko-void-wide-L01-H05,wide,1,17,17.90714114,0.8939,0.8939,22.0,109.05305,11.2096,108.6061,32.7904,109.5
kumiko-void-wide-L01-H06,wide,1,67,0.94494516,0.76468684,0.76468684,98.41765658,19.38234342,97.7554,19.0,98.8,20.8092
kumiko-void-wide-L01-H07,wide,1,78,0.80710921,0.7361,0.7361,98.43195,106.51805,97.3393,106.15,98.8,106.8861
kumiko-void-wide-L01-H08,wide,1,79,2.51749057,0.8939,0.8939,97.39185,109.05305,95.2096,108.6061,98.8,109.5
kumiko-void-wide-L01-H09,wide,1,80,17.90714114,0.8939,0.8939,78.0,109.05305,67.2096,108.6061,88.7904,109.5
kumiko-void-wide-L01-H10,wide,1,86,17.90714114,0.8939,0.8939,50.0,109.05305,39.2096,108.6061,60.7904,109.5
kumiko-void-wide-L01-H11,wide,1,101,0.06538131,0.15717427,0.15717427,92.93858713,26.37522613,92.86,26.1855,93.4162,26.7417
kumiko-void-wide-L02-H01,wide,2,8,0.00756845,0.06135505,0.06135505,24.4,19.03067753,24.2855,19.0,24.5145,19.0661
kumiko-void-wide-L02-H02,wide,2,40,0.00756845,0.06135505,0.06135505,80.4,19.03067753,80.2855,19.0,80.5145,19.0661
kumiko-void-wide-L02-H03,wide,2,43,0.25939284,0.40064452,0.40064452,98.59967774,61.67402226,97.8521,61.4737,98.8,62.021
kumiko-void-wide-L02-H04,wide,2,48,0.04056418,0.15842707,0.15842707,98.72078646,103.57078646,98.5836,103.2751,98.8,103.65
kumiko-void-wide-L02-H05,wide,2,49,0.25934544,0.40059452,0.40059452,98.59970274,107.92080274,97.8521,107.5739,98.8,108.1211
kumiko-void-wide-L03-H01,wide,3,0,0.34490662,0.41420906,0.41420906,2.70710453,55.35582359,2.5,54.5829,3.2729,55.9216
kumiko-void-wide-L03-H02,wide,3,1,0.34486798,0.41418585,0.41418585,2.70709293,61.54166971,2.5,60.9759,3.2729,62.3145
kumiko-void-wide-L03-H03,wide,3,2,0.09367072,0.24076193,0.24076193,2.62038096,103.52961904,2.5,103.0804,2.8289,103.65
kumiko-void-wide-L03-H04,wide,3,51,0.50824994,0.60898341,0.60898341,98.49550829,103.34550829,97.8133,102.8181,98.8,103.65
kumiko-void-wide-L03-H05,wide,3,53,0.00041118,0.01428701,0.01428701,87.25328701,109.49285649,87.2266,109.4733,87.2729,109.5
kumiko-void-wide-L03-H06,wide,3,57,0.00041118,0.01428701,0.01428701,64.34671299,109.49285649,64.3271,109.4733,64.3734,109.5
kumiko-void-wide-L04-H01,wide,4,5,1.17474,0.76455478,0.76455478,5.02839336,109.11772261,3.6017,108.1,6.0574,109.5
kumiko-void-wide-L04-H02,wide,4,6,0.07267124,0.21206505,0.21206505,7.56896747,109.39396747,7.3853,108.9983,7.675,109.5
kumiko-void-wide-L04-H03,wide,4,7,0.07267124,0.21206505,0.21206505,9.63103253,109.39396747,9.525,108.9983,9.8147,109.5
kumiko-void-wide-L04-H04,wide,4,38,1.17517279,0.76454758,0.76454758,89.02840677,109.11772621,87.6017,108.0733,90.0729,109.5
kumiko-void-wide-L04-H05,wide,4,40,1.17517279,0.76454758,0.76454758,68.17159323,109.11772621,67.1271,108.0733,69.5983,109.5
kumiko-void-wide-L04-H06,wide,4,42,1.17517279,0.76454758,0.76454758,61.02840677,109.11772621,59.6017,108.0733,62.0729,109.5
kumiko-void-wide-L04-H07,wide,4,53,1.17517279,0.76454758,0.76454758,40.17159323,109.11772621,39.1271,108.0733,41.5983,109.5
kumiko-void-wide-L04-H08,wide,4,54,0.07267125,0.21206505,0.21206505,37.63103253,109.39396747,37.525,108.9983,37.8147,109.5
kumiko-void-wide-L04-H09,wide,4,55,0.07267124,0.21206505,0.21206505,35.56896747,109.39396747,35.3853,108.9983,35.675,109.5
kumiko-void-wide-L05-H01,wide,5,2,0.03492916,0.14700976,0.14700976,2.57350488,62.54720488,2.5,62.4737,2.8479,62.6745
kumiko-void-wide-L05-H02,wide,5,3,0.93545421,0.68215935,0.68215935,2.84107967,65.00763707,2.5,64.0759,3.7729,66.2805
kumiko-void-wide-L05-H03,wide,5,11,1.96855365,0.98955464,0.98955464,76.3,19.49477732,74.4535,19.0,78.1465,20.0661
kumiko-void-wide-L05-H04,wide,5,16,0.33279332,0.45379852,0.45379852,98.57310074,25.07689926,98.1801,24.85,98.8,25.9237
kumiko-void-wide-L06-H01,wide,6,1,0.34404925,0.46141007,0.46141007,2.73070503,19.23070503,2.5,19.0,3.1303,20.0917
kumiko-void-wide-L06-H02,wide,6,4,0.64620084,0.70710464,0.70710464,2.85355232,103.29644768,2.5,102.6841,3.5717,103.65
kumiko-void-wide-L06-H03,wide,6,6,0.00298489,0.04297522,0.04297522,9.05351239,109.47851239,9.0163,109.3983,9.075,109.5
kumiko-void-wide-L06-H04,wide,6,7,0.00298489,0.04297522,0.04297522,10.94648761,109.47851239,10.925,109.3983,10.9837,109.5
kumiko-void-wide-L06-H05,wide,6,8,0.60862776,0.55021702,0.55021702,13.27872935,109.22489149,12.5271,108.4733,14.3055,109.5
kumiko-void-wide-L06-H06,wide,6,29,0.52446789,0.56968436,0.56968436,98.51515782,58.65854218,97.4521,58.3737,98.8,59.1519
kumiko-void-wide-L06-H07,wide,6,36,0.00298489,0.04297522,0.04297522,94.94648761,109.47851239,94.925,109.3983,94.9837,109.5
kumiko-void-wide-L06-H08,wide,6,37,0.00298489,0.04297522,0.04297522,93.05351239,109.47851239,93.0163,109.3983,93.075,109.5
kumiko-void-wide-L06-H09,wide,6,41,0.60862776,0.55021702,0.55021702,34.72127065,109.22489149,33.6945,108.4733,35.4729,109.5
kumiko-void-wide-L07-H01,wide,7,1,0.44949358,0.5273869,0.5273869,2.76369345,59.86000655,2.5,59.4033,3.7479,60.1237
kumiko-void-wide-L07-H02,wide,7,3,0.04493355,0.16675298,0.16675298,2.58337649,103.56662351,2.5,103.2555,2.7278,103.65
kumiko-void-wide-L07-H03,wide,7,9,0.55506105,0.52545485,0.52545485,21.2,19.26272742,20.2195,19.0,22.1805,19.5661
kumiko-void-wide-L07-H04,wide,7,37,0.55506105,0.52545485,0.52545485,49.2,19.26272742,48.2195,19.0,50.1805,19.5661
kumiko-void-wide-L08-H01,wide,8,3,0.85884446,0.77100871,0.7711,2.99511285,106.53550435,2.5,106.15,3.9957,106.9211
kumiko-void-wide-L08-H02,wide,8,4,2.27172618,0.7289,0.7289,4.058325,109.13555,2.5,108.7711,6.2479,109.5
kumiko-void-wide-L08-H03,wide,8,5,19.93745592,0.7289,0.7289,23.7,109.13555,9.8132,108.7711,37.5868,109.5
kumiko-void-wide-L08-H04,wide,8,20,0.78390603,0.69647674,0.69647674,98.45176163,60.62193837,97.1521,60.2737,98.8,61.2251
kumiko-void-wide-L08-H05,wide,8,26,0.73986627,0.69643644,0.69643644,98.45178178,106.57288178,97.3043,106.15,98.8,106.9211
kumiko-void-wide-L08-H06,wide,8,27,3.48151796,0.7289,0.7289,96.4118,109.13555,93.8132,108.7711,98.8,109.5
kumiko-void-wide-L08-H07,wide,8,28,17.76686461,0.7289,0.7289,79.7,109.13555,67.3021,108.7711,92.0979,109.5
kumiko-void-wide-L08-H08,wide,8,29,14.45649237,0.7289,0.7289,51.7,109.13555,41.1521,108.7711,62.2479,109.5
